{
  "dataset_statistics": {
    "original_images": 848,
    "competition_train": 542,
    "competition_val": 133,
    "competition_test": 170,
    "competition_total": 845
  },
  "image_set_differences": {
    "common_images": 845,
    "missing_in_competition": 3,
    "added_in_competition": 0,
    "missing_list": [
      "20200722_CanonEOSRebelT7_KH_1",
      "20200722_CanonEOSRebelT7_KH_28",
      "2020706_Phone_10"
    ],
    "added_list": []
  },
  "image_content_changes": {
    "identical_images": 845,
    "modified_images": 0,
    "modified_list": [],
    "modifications": {}
  },
  "label_statistics": {
    "original_annotations": 848,
    "competition_labels": 675,
    "common_labeled_images": 675,
    "only_in_original": 173,
    "only_in_competition": 0
  },
  "label_comparisons": {
    "identical_labels": 657,
    "modified_labels": 18,
    "conversion_errors": 0,
    "modification_types": {
      "box_count_changed": 11,
      "class_changes": 2,
      "coordinate_changes": 7
    },
    "box_count_changes_list": [
      "20200526_iPhone8_CH_37",
      "20200624_iPhone6_SY_136",
      "20200624_iPhone6_SY_147",
      "20200624_iPhone6_SY_29",
      "20200625_NIKOND3300_YL_160",
      "20200727_iPhone6_SY_33",
      "20200819_NIKOND3300_YL_182",
      "20200819_NIKOND3300_YL_277",
      "20200819_NIKOND3300_YL_492",
      "20200819_NIKOND3300_YL_598",
      "20200819_NIKOND3300_YL_638"
    ],
    "class_changes_list": [
      "20200624_iPhone6_SY_110",
      "20200722_CanonEOSRebelT7_KH_114"
    ],
    "coordinate_changes_list": [
      "20190613_6062W_CM_39",
      "20200526_iPhone8_CH_44",
      "20200624_iPhone6_SY_110",
      "20200624_iPhone6_SY_30",
      "20200722_CanonEOSRebelT7_KH_109",
      "20200722_CanonEOSRebelT7_KH_114",
      "20200819_NIKOND3300_YL_876"
    ],
    "conversion_errors_list": [],
    "detailed_comparisons": {
      "20190613_6062W_CM_39": {
        "identical": false,
        "num_boxes": 2,
        "box_count_changed": false,
        "differences": [
          {
            "type": "coordinate_mismatch",
            "original": {
              "class": 1,
              "x": 0.8650716145833334,
              "y": 0.1405029296875,
              "w": 0.2692057291666667,
              "h": 0.281005859375
            },
            "competition": {
              "class": 1,
              "x": 0.873046875,
              "y": 0.0758056640625,
              "w": 0.2532552182674408,
              "h": 0.151611328125
            },
            "diff_x": 0.00797526041666663,
            "diff_y": 0.064697265625,
            "diff_w": 0.01595051089922589,
            "diff_h": 0.12939453125
          }
        ],
        "num_differences": 1
      },
      "20200526_iPhone8_CH_37": {
        "identical": false,
        "num_boxes_original": 9,
        "num_boxes_competition": 10,
        "box_count_changed": true
      },
      "20200526_iPhone8_CH_44": {
        "identical": false,
        "num_boxes": 1,
        "box_count_changed": false,
        "differences": [
          {
            "type": "coordinate_mismatch",
            "original": {
              "class": 2,
              "x": 0.45072751322751325,
              "y": 0.25768849206349204,
              "w": 0.3386243386243386,
              "h": 0.2881944444444444
            },
            "competition": {
              "class": 2,
              "x": 0.31812170147895813,
              "y": 0.2628968358039856,
              "w": 0.6038359999656677,
              "h": 0.2867063581943512
            },
            "diff_x": 0.13260581174855512,
            "diff_y": 0.0052083437404935595,
            "diff_w": 0.2652116613413291,
            "diff_h": 0.0014880862500932235
          }
        ],
        "num_differences": 1
      },
      "20200624_iPhone6_SY_110": {
        "identical": false,
        "num_boxes": 6,
        "box_count_changed": false,
        "differences": [
          {
            "type": "class_mismatch",
            "original": {
              "class": 2,
              "x": 0.1039624183006536,
              "y": 0.18903186274509803,
              "w": 0.2079248366013072,
              "h": 0.13480392156862744
            },
            "competition": {
              "class": 0,
              "x": 0.9761029481887817,
              "y": 0.2311580926179886,
              "w": 0.04779411852359772,
              "h": 0.06648284196853638
            }
          },
          {
            "type": "coordinate_mismatch",
            "original": {
              "class": 2,
              "x": 0.43566176470588236,
              "y": 0.43903186274509803,
              "w": 0.4709967320261438,
              "h": 0.32598039215686275
            },
            "competition": {
              "class": 2,
              "x": 0.1096813753247261,
              "y": 0.2873774468898773,
              "w": 0.07883986830711365,
              "h": 0.05821078270673752
            },
            "diff_x": 0.32598038938115625,
            "diff_y": 0.15165441585522071,
            "diff_w": 0.39215686371903014,
            "diff_h": 0.26776960945012523
          },
          {
            "type": "coordinate_mismatch",
            "original": {
              "class": 2,
              "x": 0.5328839869281046,
              "y": 0.7553615196078431,
              "w": 0.41299019607843135,
              "h": 0.31035539215686275
            },
            "competition": {
              "class": 2,
              "x": 0.4360702633857727,
              "y": 0.4345894753932953,
              "w": 0.46200981736183167,
              "h": 0.3140318691730499
            },
            "diff_x": 0.09681372354233186,
            "diff_y": 0.32077204421454786,
            "diff_w": 0.049019621283400316,
            "diff_h": 0.003676477016187174
          },
          {
            "type": "coordinate_mismatch",
            "original": {
              "class": 2,
              "x": 0.8078022875816994,
              "y": 0.06495098039215687,
              "w": 0.38357843137254904,
              "h": 0.12990196078431374
            },
            "competition": {
              "class": 2,
              "x": 0.5337010025978088,
              "y": 0.751838207244873,
              "w": 0.405637264251709,
              "h": 0.3033088147640228
            },
            "diff_x": 0.2741012849838905,
            "diff_y": 0.6868872268527162,
            "diff_w": 0.02205883287915994,
            "diff_h": 0.1734068539797091
          },
          {
            "type": "coordinate_mismatch",
            "original": {
              "class": 2,
              "x": 0.8447712418300654,
              "y": 0.9079350490196079,
              "w": 0.309640522875817,
              "h": 0.18351715686274508
            },
            "competition": {
              "class": 2,
              "x": 0.8078020215034485,
              "y": 0.06495100259780884,
              "w": 0.38357800245285034,
              "h": 0.12990200519561768
            },
            "diff_x": 0.03696922032661687,
            "diff_y": 0.842984046421799,
            "diff_w": 0.07393747957703334,
            "diff_h": 0.05361515166712741
          }
        ],
        "num_differences": 5
      },
      "20200624_iPhone6_SY_136": {
        "identical": false,
        "num_boxes_original": 2,
        "num_boxes_competition": 4,
        "box_count_changed": true
      },
      "20200624_iPhone6_SY_147": {
        "identical": false,
        "num_boxes_original": 6,
        "num_boxes_competition": 7,
        "box_count_changed": true
      },
      "20200624_iPhone6_SY_29": {
        "identical": false,
        "num_boxes_original": 2,
        "num_boxes_competition": 5,
        "box_count_changed": true
      },
      "20200624_iPhone6_SY_30": {
        "identical": false,
        "num_boxes": 7,
        "box_count_changed": false,
        "differences": [
          {
            "type": "coordinate_mismatch",